Location,age group,Day of the week,Time of the day,Total bill,,,,,,,
Mall of the Emirates,18-25,sat,afternoon,578.9828612,,,,,,,
Mall of the Emirates,0-18,fri,morning,128.3764359,,,,,,,
Mall of the Emirates,25-35,sun,evening,758.9248786,,,,,,,
Mall of the Emirates,25-35,thu,afternoon,378.2654025,,,,,,,
Mall of the Emirates,0-18,mon,evening,90.14332942,,,,,,,
Mall of the Emirates,0-18,mon,morning,434.3003338,,,,,,,
Mall of the Emirates,25-35,mon,afternoon,926.9103986,,,,,,,
Mall of the Emirates,35-45,fri,morning,713.4937145,,,,,,,
Mall of the Emirates,18-25,sun,evening,509.4808037,,,,,,,
Mall of the Emirates,0-18,fri,evening,595.6033885,,,,,,,
Mall of the Emirates,35-45,fri,afternoon,185.7582093,,,,,,,
Mall of the Emirates,25-35,tue,evening,700.1705245,,,,,,,
Mall of the Emirates,18-25,thu,afternoon,507.0496577,,,,,,,
Mall of the Emirates,over 50,sat,evening,963.6268687,,,,,,,
Mall of the Emirates,0-18,fri,morning,556.1021566,,,,,,,
Mall of the Emirates,18-25,fri,morning,469.8975613,,,,,,,
Mall of the Emirates,0-18,wed,afternoon,490.809747,,,,,,,
Mall of the Emirates,0-18,tue,morning,463.6729797,,,,,,,
Mall of the Emirates,0-18,sat,evening,205.3002919,,,,,,,
Mall of the Emirates,35-45,fri,evening,274.4597642,,,,,,,
Mall of the Emirates,18-25,sat,morning,657.6682946,,,,,,,
Mall of the Emirates,18-25,tue,morning,566.3619059,,,,,,,
Mall of the Emirates,18-25,fri,afternoon,295.456374,,,,,,,
Mall of the Emirates,35-45,sat,night,565.7011338,,,,,,,
Mall of the Emirates,18-25,fri,evening,74.09199814,,,,,,,
Mall of the Emirates,over 50,sun,evening,138.5008799,,,,,,,
Mall of the Emirates,18-25,fri,morning,682.5133395,,,,,,,
Mall of the Emirates,18-25,thu,evening,426.138864,,,,,,,
Mall of the Emirates,35-45,sat,evening,312.4349659,,,,,,,
Mall of the Emirates,25-35,wed,afternoon,371.902029,,,,,,,
Mall of the Emirates,over 50,thu,morning,767.419072,,,,,,,
Mall of the Emirates,18-25,fri,evening,505.8939057,,,,,,,
Mall of the Emirates,18-25,mon,evening,590.4490092,,,,,,,
Mall of the Emirates,35-45,fri,afternoon,290.2661829,,,,,,,
Mall of the Emirates,25-35,fri,morning,813.4262136,,,,,,,
Mall of the Emirates,35-45,fri,night,932.1259164,,,,,,,
Mall of the Emirates,over 50,sun,night,148.5729914,,,,,,,
Mall of the Emirates,35-45,fri,evening,420.4718047,,,,,,,
Mall of the Emirates,25-35,fri,afternoon,396.1414769,,,,,,,
Mall of the Emirates,35-45,tue,evening,418.2363936,,,,,,,
Mall of the Emirates,0-18,sat,evening,782.7369371,,,,,,,
Mall of the Emirates,35-45,fri,night,515.5217252,,,,,,,
Mall of the Emirates,18-25,fri,evening,426.7774786,,,,,,,
Mall of the Emirates,0-18,sat,evening,126.1893613,,,,,,,
Mall of the Emirates,25-35,mon,afternoon,259.7589298,,,,,,,
Mall of the Emirates,0-18,mon,morning,93.38831285,,,,,,,
Mall of the Emirates,0-18,sat,morning,343.7779126,,,,,,,
Mall of the Emirates,18-25,fri,evening,640.9606785,,,,,,,
Mall of the Emirates,over 50,mon,evening,401.9188328,,,,,,,
Mall of the Emirates,25-35,tue,evening,407.8261015,,,,,,,
Mall of the Emirates,35-45,fri,evening,217.7895659,,,,,,,
Mall of the Emirates,0-18,tue,evening,503.2036286,,,,,,,
Mall of the Emirates,0-18,fri,evening,329.4345556,,,,,,,
Mall of the Emirates,0-18,wed,morning,185.1646121,,,,,,,
Mall of the Emirates,over 50,wed,morning,648.1819157,,,,,,,
Mall of the Emirates,35-45,fri,night,518.6028435,,,,,,,
Mall of the Emirates,0-18,wed,evening,230.9988039,,,,,,,
Mall of the Emirates,35-45,fri,night,367.7137047,,,,,,,
Mall of the Emirates,0-18,wed,afternoon,384.0632162,,,,,,,
Mall of the Emirates,35-45,thu,afternoon,545.1535151,,,,,,,
Mall of the Emirates,25-35,fri,night,680.6201776,,,,,,,
Mall of the Emirates,0-18,sun,evening,331.6266114,,,,,,,
Mall of the Emirates,35-45,mon,evening,685.9053827,,,,,,,
Mall of the Emirates,18-25,mon,afternoon,745.7910355,,,,,,,
Mall of the Emirates,0-18,tue,morning,137.9365004,,,,,,,
Mall of the Emirates,18-25,sun,night,416.6492512,,,,,,,
Mall of the Emirates,35-45,sat,evening,285.1954856,,,,,,,
Mall of the Emirates,35-45,thu,afternoon,430.5599229,,,,,,,
Mall of the Emirates,18-25,fri,evening,814.0711793,,,,,,,
Mall of the Emirates,0-18,wed,afternoon,304.5722067,,,,,,,
Mall of the Emirates,over 50,tue,evening,573.3830511,,,,,,,
Mall of the Emirates,18-25,sat,night,724.0308189,,,,,,,
Mall of the Emirates,18-25,sat,night,486.3560414,,,,,,,
Mall of the Emirates,18-25,thu,evening,177.7156212,,,,,,,
Mall of the Emirates,0-18,wed,afternoon,292.9934738,,,,,,,
Mall of the Emirates,35-45,sat,morning,160.4915804,,,,,,,
Mall of the Emirates,35-45,wed,afternoon,589.872217,,,,,,,
Mall of the Emirates,25-35,fri,evening,775.5968021,,,,,,,
Mall of the Emirates,0-18,thu,evening,667.8482826,,,,,,,
Mall of the Emirates,0-18,sun,night,595.8556804,,,,,,,
Mall of the Emirates,35-45,thu,afternoon,441.8792677,,,,,,,
Mall of the Emirates,0-18,fri,afternoon,364.4456884,,,,,,,
Mall of the Emirates,35-45,fri,afternoon,464.7245959,,,,,,,
Mall of the Emirates,18-25,tue,night,232.9869931,,,,,,,
Mall of the Emirates,0-18,mon,afternoon,344.141737,,,,,,,
Mall of the Emirates,0-18,fri,afternoon,267.0216769,,,,,,,
Mall of the Emirates,35-45,tue,evening,740.1486447,,,,,,,
Mall of the Emirates,0-18,sun,night,510.4135196,,,,,,,
Mall of the Emirates,35-45,sat,evening,488.8334277,,,,,,,
Mall of the Emirates,35-45,tue,afternoon,361.825235,,,,,,,
Mall of the Emirates,0-18,sat,afternoon,815.2879284,,,,,,,
Mall of the Emirates,18-25,thu,evening,186.1694021,,,,,,,
Mall of the Emirates,over 50,sun,morning,730.9926126,,,,,,,
Mall of the Emirates,0-18,fri,evening,855.6844369,,,,,,,
Mall of the Emirates,25-35,fri,morning,453.0842247,,,,,,,
Mall of the Emirates,over 50,sat,evening,299.5089405,,,,,,,
Mall of the Emirates,0-18,mon,evening,743.1818946,,,,,,,
Mall of the Emirates,0-18,thu,morning,357.5008304,,,,,,,
Mall of the Emirates,25-35,sat,evening,432.8467247,,,,,,,
Mall of the Emirates,25-35,thu,morning,323.9006756,,,,,,,
Mall of the Emirates,over 50,wed,evening,377.4975608,,,,,,,
Mall of the Emirates,35-45,sat,night,533.6350872,,,,,,,
Mall of the Emirates,18-25,fri,evening,705.3317384,,,,,,,
Mall of the Emirates,35-45,mon,afternoon,594.0529655,,,,,,,
Mall of the Emirates,0-18,tue,evening,393.1295225,,,,,,,
Mall of the Emirates,0-18,wed,evening,602.0964177,,,,,,,
Mall of the Emirates,35-45,fri,night,292.6543318,,,,,,,
Mall of the Emirates,0-18,thu,evening,519.3423889,,,,,,,
Mall of the Emirates,0-18,sat,afternoon,552.7401836,,,,,,,
Mall of the Emirates,0-18,thu,evening,440.3394617,,,,,,,
Mall of the Emirates,0-18,sun,night,611.222753,,,,,,,
Mall of the Emirates,25-35,sun,morning,170.8163081,,,,,,,
Mall of the Emirates,0-18,sat,evening,325.0125449,,,,,,,
Mall of the Emirates,35-45,thu,evening,695.6103702,,,,,,,
Mall of the Emirates,0-18,fri,afternoon,316.1894307,,,,,,,
Mall of the Emirates,over 50,thu,night,336.9642295,,,,,,,
Mall of the Emirates,over 50,wed,evening,543.7260187,,,,,,,
Mall of the Emirates,35-45,sat,evening,226.8030337,,,,,,,
Mall of the Emirates,over 50,mon,evening,661.296307,,,,,,,
Mall of the Emirates,25-35,wed,afternoon,700.7590409,,,,,,,
Mall of the Emirates,35-45,thu,morning,767.9613873,,,,,,,
Mall of the Emirates,35-45,thu,morning,758.5415507,,,,,,,
Mall of the Emirates,over 50,wed,night,775.0900773,,,,,,,
Mall of the Emirates,0-18,sat,morning,501.5574785,,,,,,,
Mall of the Emirates,18-25,fri,afternoon,387.12518,,,,,,,
Mall of the Emirates,25-35,mon,afternoon,585.597976,,,,,,,
Mall of the Emirates,0-18,wed,morning,299.933719,,,,,,,
Mall of the Emirates,over 50,sat,morning,820.31808,,,,,,,
Mall of the Emirates,0-18,tue,evening,482.9395978,,,,,,,
Mall of the Emirates,25-35,thu,morning,885.529215,,,,,,,
Mall of the Emirates,25-35,sun,morning,359.7616265,,,,,,,
Mall of the Emirates,18-25,sun,morning,138.2487881,,,,,,,
Mall of the Emirates,25-35,tue,afternoon,364.1870936,,,,,,,
Mall of the Emirates,25-35,sat,evening,272.5944915,,,,,,,
Mall of the Emirates,0-18,wed,afternoon,513.0147764,,,,,,,
Mall of the Emirates,35-45,fri,night,435.6690539,,,,,,,
Mall of the Emirates,35-45,sat,evening,721.0045405,,,,,,,
Mall of the Emirates,over 50,tue,morning,350.4644277,,,,,,,
Mall of the Emirates,over 50,sun,afternoon,698.8792891,,,,,,,
Mall of the Emirates,0-18,tue,night,430.6065275,,,,,,,
Mall of the Emirates,over 50,fri,evening,156.2660959,,,,,,,
Mall of the Emirates,25-35,fri,morning,279.5979268,,,,,,,
Mall of the Emirates,over 50,tue,night,359.5867302,,,,,,,
Mall of the Emirates,35-45,sun,night,457.9432065,,,,,,,
Mall of the Emirates,0-18,sun,morning,904.3886699,,,,,,,
Mall of the Emirates,18-25,wed,morning,458.1367801,,,,,,,
Mall of the Emirates,0-18,sat,morning,265.905131,,,,,,,
Mall of the Emirates,0-18,fri,morning,79.28150153,,,,,,,
Mall of the Emirates,18-25,wed,evening,239.5871578,,,,,,,
Mall of the Emirates,18-25,mon,evening,370.5392925,,,,,,,
Mall of the Emirates,25-35,sat,evening,483.5164715,,,,,,,
Mall of the Emirates,35-45,sat,evening,225.192953,,,,,,,
Mall of the Emirates,over 50,thu,night,915.7457712,,,,,,,
Mall of the Emirates,25-35,sat,evening,237.1708619,,,,,,,
Mall of the Emirates,over 50,sun,evening,317.8142623,,,,,,,
Mall of the Emirates,over 50,sun,morning,613.5455274,,,,,,,
Mall of the Emirates,0-18,wed,night,469.5109903,,,,,,,
Mall of the Emirates,over 50,fri,evening,556.4041444,,,,,,,
Mall of the Emirates,18-25,mon,morning,540.7780433,,,,,,,
Mall of the Emirates,0-18,mon,evening,236.2930378,,,,,,,
Mall of the Emirates,0-18,wed,afternoon,99.43284869,,,,,,,
Mall of the Emirates,0-18,mon,evening,504.4189011,,,,,,,
Mall of the Emirates,35-45,mon,afternoon,198.1761539,,,,,,,
Mall of the Emirates,18-25,sun,evening,501.0448653,,,,,,,
Mall of the Emirates,18-25,fri,afternoon,126.9916241,,,,,,,
Mall of the Emirates,25-35,fri,morning,289.0449768,,,,,,,
Mall of the Emirates,18-25,fri,night,523.4660049,,,,,,,
Mall of the Emirates,35-45,thu,afternoon,953.9412011,,,,,,,
Mall of the Emirates,over 50,sun,evening,607.5451535,,,,,,,
Mall of the Emirates,0-18,mon,afternoon,566.6088277,,,,,,,
Mall of the Emirates,35-45,sat,night,254.4201878,,,,,,,
Mall of the Emirates,18-25,mon,afternoon,690.9298796,,,,,,,
Mall of the Emirates,over 50,fri,morning,321.0904784,,,,,,,
Mall of the Emirates,18-25,thu,afternoon,403.2458804,,,,,,,
Mall of the Emirates,25-35,sat,morning,470.8655053,,,,,,,
Mall of the Emirates,25-35,mon,night,411.6533232,,,,,,,
Mall of the Emirates,18-25,thu,night,297.0959578,,,,,,,
Mall of the Emirates,18-25,mon,morning,704.6647153,,,,,,,
Mall of the Emirates,over 50,tue,night,690.2001087,,,,,,,
Mall of the Emirates,25-35,mon,night,595.9062902,,,,,,,
Mall of the Emirates,35-45,thu,afternoon,483.1752608,,,,,,,
Mall of the Emirates,35-45,wed,evening,723.6053771,,,,,,,
Mall of the Emirates,over 50,tue,afternoon,763.4546401,,,,,,,
Mall of the Emirates,35-45,fri,evening,401.9149433,,,,,,,
Mall of the Emirates,0-18,sun,evening,492.2310208,,,,,,,
Mall of the Emirates,0-18,thu,afternoon,324.1696643,,,,,,,
Mall of the Emirates,18-25,sat,evening,434.7485425,,,,,,,
Mall of the Emirates,25-35,mon,afternoon,286.0378952,,,,,,,
Mall of the Emirates,0-18,fri,afternoon,556.0473046,,,,,,,
Mall of the Emirates,35-45,sun,evening,518.7536883,,,,,,,
Mall of the Emirates,35-45,thu,evening,584.0630536,,,,,,,
Mall of the Emirates,18-25,sat,evening,776.8560146,,,,,,,
Mall of the Emirates,0-18,fri,afternoon,346.3767569,,,,,,,
Mall of the Emirates,0-18,sun,afternoon,466.7168735,,,,,,,
Mall of the Emirates,35-45,tue,evening,523.0899412,,,,,,,
Mall of the Emirates,0-18,thu,morning,449.0822695,,,,,,,
Mall of the Emirates,0-18,fri,afternoon,315.417676,,,,,,,
Mall of the Emirates,0-18,thu,morning,292.9268334,,,,,,,
Mall of the Emirates,0-18,sat,morning,532.2797099,,,,,,,
Mall of the Emirates,0-18,fri,evening,605.9685108,,,,,,,
Mall of the Emirates,18-25,sat,evening,502.5098663,,,,,,,
Mall of the Emirates,over 50,thu,evening,594.2879972,,,,,,,
Mall of the Emirates,0-18,fri,afternoon,944.2770086,,,,,,,
Mall of the Emirates,0-18,mon,afternoon,652.7977113,,,,,,,
Mall of the Emirates,0-18,fri,evening,59.19882051,,,,,,,
Mall of the Emirates,25-35,thu,evening,827.7020019,,,,,,,
Mall of the Emirates,18-25,thu,afternoon,437.7814576,,,,,,,
Mall of the Emirates,35-45,thu,morning,803.4678233,,,,,,,
Mall of the Emirates,25-35,mon,night,350.8280689,,,,,,,
Mall of the Emirates,0-18,sun,night,192.636055,,,,,,,
Mall of the Emirates,0-18,thu,evening,299.762517,,,,,,,
Mall of the Emirates,over 50,wed,evening,217.7467524,,,,,,,
Mall of the Emirates,0-18,sun,evening,389.7152864,,,,,,,
Mall of the Emirates,25-35,fri,afternoon,265.6095225,,,,,,,
Mall of the Emirates,35-45,wed,afternoon,368.3952263,,,,,,,
Mall of the Emirates,over 50,tue,evening,809.8936647,,,,,,,
Mall of the Emirates,35-45,wed,afternoon,234.015357,,,,,,,
Mall of the Emirates,35-45,sat,night,195.3958054,,,,,,,
Mall of the Emirates,18-25,mon,afternoon,554.9348195,,,,,,,
Mall of the Emirates,18-25,wed,evening,389.099172,,,,,,,
Mall of the Emirates,35-45,fri,morning,520.7477479,,,,,,,
Mall of the Emirates,25-35,thu,morning,581.3630788,,,,,,,
Mall of the Emirates,35-45,fri,afternoon,372.8988788,,,,,,,
Mall of the Emirates,18-25,fri,afternoon,543.5893115,,,,,,,
Mall of the Emirates,35-45,fri,evening,472.5534017,,,,,,,
Mall of the Emirates,25-35,wed,night,591.9007576,,,,,,,
Mall of the Emirates,0-18,sat,night,517.2559377,,,,,,,
Mall of the Emirates,18-25,fri,afternoon,586.3158991,,,,,,,
Mall of the Emirates,18-25,tue,afternoon,830.6262432,,,,,,,
Mall of the Emirates,0-18,sun,afternoon,679.8381254,,,,,,,
Mall of the Emirates,0-18,fri,evening,412.1839518,,,,,,,
Mall of the Emirates,0-18,fri,evening,719.5056229,,,,,,,
Mall of the Emirates,0-18,wed,afternoon,832.5895259,,,,,,,
Mall of the Emirates,35-45,tue,morning,332.6372179,,,,,,,
Mall of the Emirates,25-35,mon,morning,366.3335622,,,,,,,
Mall of the Emirates,35-45,fri,morning,339.4886674,,,,,,,
Mall of the Emirates,25-35,tue,evening,815.1409628,,,,,,,
Mall of the Emirates,18-25,mon,afternoon,790.451514,,,,,,,
Mall of the Emirates,18-25,sun,evening,399.5894872,,,,,,,
Mall of the Emirates,35-45,sun,evening,540.182601,,,,,,,
Mall of the Emirates,35-45,fri,morning,534.244776,,,,,,,
Mall of the Emirates,over 50,wed,evening,215.6043501,,,,,,,
Mall of the Emirates,18-25,mon,night,448.832947,,,,,,,
Mall of the Emirates,35-45,sat,evening,790.4093536,,,,,,,
Mall of the Emirates,18-25,sat,evening,417.0879772,,,,,,,
Mall of the Emirates,over 50,sat,evening,685.7828254,,,,,,,
Mall of the Emirates,0-18,sat,night,504.7039364,,,,,,,
Mall of the Emirates,over 50,thu,afternoon,729.411808,,,,,,,
Mall of the Emirates,18-25,thu,night,701.4888972,,,,,,,
Mall of the Emirates,over 50,fri,morning,325.9153619,,,,,,,
Mall of the Emirates,35-45,sun,afternoon,330.517806,,,,,,,
Mall of the Emirates,18-25,wed,night,682.7065214,,,,,,,
Mall of the Emirates,18-25,fri,afternoon,62.34074835,,,,,,,
Mall of the Emirates,18-25,sun,morning,308.3767862,,,,,,,
Mall of the Emirates,18-25,mon,afternoon,660.5321881,,,,,,,
Mall of the Emirates,18-25,fri,afternoon,805.1694504,,,,,,,
Mall of the Emirates,25-35,thu,morning,284.8410849,,,,,,,
Mall of the Emirates,over 50,sun,afternoon,242.7517765,,,,,,,
Mall of the Emirates,25-35,tue,morning,540.8477996,,,,,,,
Mall of the Emirates,18-25,mon,afternoon,600.6443675,,,,,,,
Mall of the Emirates,18-25,fri,night,719.096359,,,,,,,
Mall of the Emirates,0-18,wed,morning,426.4570205,,,,,,,
Mall of the Emirates,25-35,fri,afternoon,463.7282938,,,,,,,
Mall of the Emirates,35-45,thu,afternoon,364.7681061,,,,,,,
Mall of the Emirates,over 50,wed,evening,703.2492332,,,,,,,
Mall of the Emirates,25-35,sat,night,880.7966935,,,,,,,
Mall of the Emirates,25-35,wed,evening,239.4323291,,,,,,,
Mall of the Emirates,25-35,sat,afternoon,607.8657182,,,,,,,
Mall of the Emirates,18-25,sun,evening,571.7562443,,,,,,,
Mall of the Emirates,over 50,tue,morning,502.9977645,,,,,,,
Mall of the Emirates,over 50,tue,evening,637.7236785,,,,,,,
Mall of the Emirates,18-25,fri,morning,471.3567711,,,,,,,
Mall of the Emirates,25-35,thu,morning,295.3086023,,,,,,,
Mall of the Emirates,over 50,sun,morning,452.8910536,,,,,,,
Mall of the Emirates,25-35,tue,morning,458.470916,,,,,,,
Mall of the Emirates,0-18,tue,evening,353.8950768,,,,,,,
Mall of the Emirates,25-35,wed,evening,442.0706444,,,,,,,
Mall of the Emirates,25-35,mon,evening,62.89027387,,,,,,,
Mall of the Emirates,0-18,fri,afternoon,608.9082093,,,,,,,
Mall of the Emirates,25-35,wed,night,632.435154,,,,,,,
Mall of the Emirates,18-25,thu,afternoon,315.5120093,,,,,,,
Mall of the Emirates,0-18,thu,evening,459.1588651,,,,,,,
Mall of the Emirates,18-25,wed,afternoon,553.4814181,,,,,,,
Mall of the Emirates,over 50,sun,afternoon,318.0450768,,,,,,,
Mall of the Emirates,0-18,wed,afternoon,269.4410133,,,,,,,
Mall of the Emirates,18-25,wed,afternoon,567.541696,,,,,,,
Mall of the Emirates,over 50,mon,night,712.4158677,,,,,,,
Mall of the Emirates,25-35,fri,morning,387.6489971,,,,,,,
Mall of the Emirates,25-35,sat,evening,718.422625,,,,,,,
Mall of the Emirates,0-18,sun,afternoon,525.5809157,,,,,,,
Mall of the Emirates,35-45,sun,morning,231.9651107,,,,,,,
Mall of the Emirates,18-25,sat,morning,564.5535104,,,,,,,
Mall of the Emirates,35-45,sun,night,858.8221175,,,,,,,
Mall of the Emirates,25-35,thu,evening,355.8264266,,,,,,,
Mall of the Emirates,18-25,wed,afternoon,576.981154,,,,,,,
Mall of the Emirates,18-25,wed,morning,493.7810236,,,,,,,
Mall of the Emirates,18-25,sun,morning,373.5968045,,,,,,,
Mall of the Emirates,25-35,mon,evening,878.6414227,,,,,,,
Mall of the Emirates,25-35,sat,morning,673.5473414,,,,,,,
Mall of the Emirates,18-25,wed,morning,611.3231143,,,,,,,
Mall of the Emirates,18-25,sun,morning,475.8924645,,,,,,,
Mall of the Emirates,18-25,mon,afternoon,154.5740513,,,,,,,
Mall of the Emirates,35-45,fri,afternoon,197.6100763,,,,,,,
Mall of the Emirates,35-45,thu,morning,492.7812884,,,,,,,
Mall of the Emirates,35-45,sun,evening,241.7983815,,,,,,,
Mall of the Emirates,25-35,fri,night,566.8439817,,,,,,,
Mall of the Emirates,over 50,sat,evening,412.4483882,,,,,,,
Mall of the Emirates,35-45,mon,evening,599.8804445,,,,,,,
Mall of the Emirates,0-18,fri,morning,503.4071124,,,,,,,
Mall of the Emirates,35-45,fri,night,529.987826,,,,,,,
Mall of the Emirates,35-45,sat,night,429.0647408,,,,,,,
Mall of the Emirates,25-35,wed,afternoon,380.0179544,,,,,,,
Mall of the Emirates,25-35,sun,afternoon,315.4917048,,,,,,,
Mall of the Emirates,25-35,mon,morning,757.8107243,,,,,,,
Mall of the Emirates,0-18,fri,afternoon,378.0633195,,,,,,,
Mall of the Emirates,0-18,fri,night,300.8284445,,,,,,,
Mall of the Emirates,35-45,sun,evening,501.77543,,,,,,,
Mall of the Emirates,over 50,tue,night,532.3100701,,,,,,,
Mall of the Emirates,18-25,fri,night,457.8970615,,,,,,,
Mall of the Emirates,over 50,fri,evening,653.651811,,,,,,,
Mall of the Emirates,25-35,fri,evening,249.8665078,,,,,,,
Mall of the Emirates,over 50,wed,evening,120.7065616,,,,,,,
Mall of the Emirates,25-35,thu,evening,178.3280541,,,,,,,
Mall of the Emirates,18-25,sun,night,530.4863313,,,,,,,
Mall of the Emirates,0-18,tue,night,83.0691381,,,,,,,
Mall of the Emirates,18-25,tue,evening,772.2632617,,,,,,,
Mall of the Emirates,35-45,fri,evening,201.7873751,,,,,,,
Mall of the Emirates,over 50,fri,afternoon,568.8005615,,,,,,,
Mall of the Emirates,0-18,thu,evening,298.4023789,,,,,,,
Mall of the Emirates,25-35,fri,night,534.8338779,,,,,,,
Mall of the Emirates,0-18,sun,night,486.4437303,,,,,,,
Mall of the Emirates,over 50,tue,morning,329.5444827,,,,,,,
Mall of the Emirates,0-18,fri,evening,566.5765326,,,,,,,
Mall of the Emirates,18-25,tue,afternoon,474.7018936,,,,,,,
Mall of the Emirates,0-18,wed,morning,888.6286954,,,,,,,
Mall of the Emirates,18-25,wed,afternoon,249.9593478,,,,,,,
Mall of the Emirates,35-45,sat,evening,382.3904959,,,,,,,
Mall of the Emirates,18-25,sat,night,478.0889255,,,,,,,
Mall of the Emirates,25-35,mon,morning,584.8424683,,,,,,,
Mall of the Emirates,18-25,tue,evening,269.7145361,,,,,,,
Mall of the Emirates,18-25,fri,evening,522.1860858,,,,,,,
Mall of the Emirates,25-35,sun,morning,391.5096658,,,,,,,
Mall of the Emirates,35-45,fri,evening,765.8460706,,,,,,,
Mall of the Emirates,18-25,sun,afternoon,482.1607957,,,,,,,
Mall of the Emirates,25-35,sun,evening,540.1460114,,,,,,,
Mall of the Emirates,over 50,wed,evening,496.2795795,,,,,,,
Mall of the Emirates,over 50,thu,night,152.6614325,,,,,,,
Mall of the Emirates,25-35,thu,afternoon,257.3951045,,,,,,,
Mall of the Emirates,over 50,fri,afternoon,379.376864,,,,,,,
Mall of the Emirates,0-18,sun,afternoon,267.9947596,,,,,,,
Mall of the Emirates,35-45,sun,evening,483.6482891,,,,,,,
Mall of the Emirates,18-25,sat,afternoon,947.3401771,,,,,,,
Mall of the Emirates,25-35,sun,afternoon,804.5476477,,,,,,,
Mall of the Emirates,over 50,sun,morning,628.7588388,,,,,,,
Mall of the Emirates,25-35,tue,evening,191.397307,,,,,,,
Mall of the Emirates,over 50,thu,night,309.6380713,,,,,,,
Mall of the Emirates,over 50,mon,evening,96.17610594,,,,,,,
Mall of the Emirates,over 50,sat,evening,742.3452091,,,,,,,
Mall of the Emirates,25-35,sat,morning,583.5944643,,,,,,,
Mall of the Emirates,18-25,tue,afternoon,545.2420283,,,,,,,
Mall of the Emirates,0-18,tue,evening,527.165165,,,,,,,
Mall of the Emirates,0-18,mon,afternoon,123.6163545,,,,,,,
Mall of the Emirates,0-18,sat,night,318.2995121,,,,,,,
Mall of the Emirates,25-35,wed,evening,59.35839686,,,,,,,
Mall of the Emirates,over 50,thu,evening,932.9011319,,,,,,,
Mall of the Emirates,0-18,sun,morning,608.6114622,,,,,,,
Mall of the Emirates,35-45,fri,afternoon,510.0437205,,,,,,,
Mall of the Emirates,0-18,sat,afternoon,413.2571781,,,,,,,
Mall of the Emirates,25-35,fri,evening,370.8218127,,,,,,,
Mall of the Emirates,25-35,fri,afternoon,649.3420495,,,,,,,
Mall of the Emirates,25-35,mon,morning,272.1425223,,,,,,,
Mall of the Emirates,18-25,sun,afternoon,138.8840158,,,,,,,
Mall of the Emirates,0-18,sat,morning,451.0046691,,,,,,,
Mall of the Emirates,25-35,sat,evening,515.7328183,,,,,,,
Mall of the Emirates,25-35,sun,afternoon,445.4186402,,,,,,,
Mall of the Emirates,over 50,sun,night,598.2115593,,,,,,,
Mall of the Emirates,25-35,sat,night,499.2232324,,,,,,,
Mall of the Emirates,18-25,tue,morning,324.6824304,,,,,,,
Mall of the Emirates,over 50,sat,night,264.8663315,,,,,,,
Mall of the Emirates,over 50,thu,evening,231.7510198,,,,,,,
Mall of the Emirates,over 50,mon,evening,290.576508,,,,,,,
Mall of the Emirates,35-45,sat,evening,267.4312404,,,,,,,
Mall of the Emirates,18-25,wed,evening,241.7927076,,,,,,,
Mall of the Emirates,0-18,fri,evening,616.9465258,,,,,,,
Mall of the Emirates,25-35,sat,morning,731.2050932,,,,,,,
Dubai Mall,0-18,tue,morning,217.2016985,,,,,,,
Dubai Mall,0-18,wed,evening,559.3377472,,,,,,,
Dubai Mall,25-35,sat,afternoon,329.1923452,,,,,,,
Dubai Mall,0-18,sun,afternoon,600.5427552,,,,,,,
Dubai Mall,18-25,wed,evening,233.3270521,,,,,,,
Dubai Mall,25-35,sat,evening,198.6291989,,,,,,,
Dubai Mall,over 50,mon,evening,572.6756646,,,,,,,
Dubai Mall,35-45,wed,evening,779.8864739,,,,,,,
Dubai Mall,0-18,wed,night,631.6230339,,,,,,,
Dubai Mall,0-18,sat,night,581.0520237,,,,,,,
Dubai Mall,0-18,fri,afternoon,310.2515556,,,,,,,
Dubai Mall,35-45,sat,evening,186.6118331,,,,,,,
Dubai Mall,35-45,wed,evening,638.9468164,,,,,,,
Dubai Mall,over 50,sun,evening,540.8096622,,,,,,,
Dubai Mall,0-18,fri,afternoon,229.0670891,,,,,,,
Dubai Mall,25-35,tue,morning,409.5131945,,,,,,,
Dubai Mall,0-18,sat,evening,581.7315841,,,,,,,
Dubai Mall,0-18,sat,evening,271.4030282,,,,,,,
Dubai Mall,18-25,fri,evening,529.3485033,,,,,,,
Dubai Mall,0-18,fri,evening,353.1821254,,,,,,,
Dubai Mall,25-35,thu,morning,492.6785189,,,,,,,
Dubai Mall,35-45,sat,evening,619.0308976,,,,,,,
Dubai Mall,18-25,tue,afternoon,390.5050743,,,,,,,
Dubai Mall,0-18,sat,afternoon,444.0749959,,,,,,,
Dubai Mall,35-45,mon,afternoon,613.3937103,,,,,,,
Dubai Mall,over 50,thu,evening,467.7244533,,,,,,,
Dubai Mall,0-18,thu,night,331.5247244,,,,,,,
Dubai Mall,35-45,tue,night,481.4566407,,,,,,,
Dubai Mall,0-18,wed,evening,277.2072789,,,,,,,
Dubai Mall,0-18,sat,morning,718.384967,,,,,,,
Dubai Mall,0-18,sat,evening,474.0531111,,,,,,,
Dubai Mall,0-18,thu,morning,394.2286388,,,,,,,
Dubai Mall,over 50,tue,evening,390.7865587,,,,,,,
Dubai Mall,0-18,sat,morning,693.6360349,,,,,,,
Dubai Mall,35-45,sun,afternoon,431.0264015,,,,,,,
Dubai Mall,35-45,tue,afternoon,672.0124114,,,,,,,
Dubai Mall,0-18,tue,evening,186.9012518,,,,,,,
Dubai Mall,18-25,mon,afternoon,368.8587639,,,,,,,
Dubai Mall,0-18,fri,afternoon,768.7234687,,,,,,,
Dubai Mall,25-35,sun,evening,358.3091012,,,,,,,
Dubai Mall,0-18,sat,morning,390.3125293,,,,,,,
Dubai Mall,35-45,sat,night,323.3566371,,,,,,,
Dubai Mall,0-18,thu,night,59.88080895,,,,,,,
Dubai Mall,18-25,wed,evening,436.7309455,,,,,,,
Dubai Mall,18-25,thu,afternoon,453.1082337,,,,,,,
Dubai Mall,35-45,sun,evening,714.8414335,,,,,,,
Dubai Mall,25-35,wed,afternoon,568.5476219,,,,,,,
Dubai Mall,18-25,fri,afternoon,550.7607463,,,,,,,
Dubai Mall,0-18,fri,morning,547.1573887,,,,,,,
Dubai Mall,35-45,sun,evening,457.681253,,,,,,,
Dubai Mall,35-45,mon,evening,604.1572929,,,,,,,
Dubai Mall,0-18,sat,evening,154.2552326,,,,,,,
Dubai Mall,0-18,thu,evening,232.6943142,,,,,,,
Dubai Mall,0-18,wed,evening,397.6647655,,,,,,,
Dubai Mall,0-18,wed,evening,823.0330889,,,,,,,
Dubai Mall,0-18,sat,morning,631.084093,,,,,,,
Dubai Mall,18-25,fri,evening,421.5904975,,,,,,,
Dubai Mall,0-18,wed,afternoon,685.2213065,,,,,,,
Dubai Mall,18-25,thu,night,598.7904405,,,,,,,
Dubai Mall,0-18,tue,afternoon,267.198767,,,,,,,
Dubai Mall,0-18,wed,afternoon,130.3645271,,,,,,,
Dubai Mall,0-18,sat,afternoon,744.6436124,,,,,,,
Dubai Mall,25-35,sun,afternoon,905.651029,,,,,,,
Dubai Mall,35-45,mon,morning,540.8450241,,,,,,,
Dubai Mall,18-25,thu,afternoon,468.9015455,,,,,,,
Dubai Mall,0-18,thu,evening,731.3582502,,,,,,,
Dubai Mall,18-25,tue,afternoon,193.5956692,,,,,,,
Dubai Mall,over 50,fri,night,330.8843735,,,,,,,
Dubai Mall,18-25,thu,afternoon,344.8182102,,,,,,,
Dubai Mall,0-18,sun,night,207.274873,,,,,,,
Dubai Mall,25-35,sat,evening,378.3928322,,,,,,,
Dubai Mall,35-45,sat,evening,309.7743395,,,,,,,
Dubai Mall,25-35,sat,evening,356.6927557,,,,,,,
Dubai Mall,18-25,sat,afternoon,256.5264907,,,,,,,
Dubai Mall,25-35,thu,morning,229.6546244,,,,,,,
Dubai Mall,25-35,sat,evening,915.4896085,,,,,,,
Dubai Mall,0-18,sun,afternoon,794.6772928,,,,,,,
Dubai Mall,0-18,thu,morning,101.308895,,,,,,,
Dubai Mall,18-25,tue,evening,337.1259038,,,,,,,
Dubai Mall,0-18,fri,evening,120.1290455,,,,,,,
Dubai Mall,0-18,sun,evening,423.5507458,,,,,,,
Dubai Mall,18-25,wed,morning,691.356778,,,,,,,
Dubai Mall,18-25,sun,night,497.9170224,,,,,,,
Dubai Mall,0-18,fri,morning,183.0393366,,,,,,,
Dubai Mall,18-25,sat,night,199.088443,,,,,,,
Dubai Mall,25-35,wed,night,752.5934408,,,,,,,
Dubai Mall,0-18,sun,evening,421.1359898,,,,,,,
Dubai Mall,0-18,wed,morning,771.4627404,,,,,,,
Dubai Mall,35-45,sun,evening,224.2306861,,,,,,,
Dubai Mall,0-18,sat,afternoon,842.6269191,,,,,,,
Dubai Mall,over 50,sun,evening,861.1855312,,,,,,,
Dubai Mall,0-18,tue,night,402.9001647,,,,,,,
Dubai Mall,25-35,sat,night,878.8499657,,,,,,,
Dubai Mall,18-25,wed,afternoon,58.75175977,,,,,,,
Dubai Mall,35-45,sun,evening,569.904605,,,,,,,
Dubai Mall,0-18,fri,evening,318.0845694,,,,,,,
Dubai Mall,0-18,thu,afternoon,473.5071157,,,,,,,
Dubai Mall,0-18,fri,afternoon,663.5278852,,,,,,,
Dubai Mall,0-18,thu,evening,100.601968,,,,,,,
Dubai Mall,35-45,fri,evening,664.9089099,,,,,,,
Dubai Mall,18-25,sat,evening,539.3399466,,,,,,,
Dubai Mall,0-18,sat,evening,640.2187221,,,,,,,
Dubai Mall,25-35,tue,evening,855.9743064,,,,,,,
Dubai Mall,25-35,sun,evening,398.6984232,,,,,,,
Dubai Mall,25-35,thu,evening,351.4558628,,,,,,,
Dubai Mall,0-18,thu,night,557.0458738,,,,,,,
Dubai Mall,0-18,mon,morning,488.531761,,,,,,,
Dubai Mall,18-25,tue,evening,806.5594755,,,,,,,
Dubai Mall,over 50,sun,morning,848.201074,,,,,,,
Dubai Mall,over 50,sat,morning,395.4546744,,,,,,,
Dubai Mall,over 50,tue,evening,739.229746,,,,,,,
Dubai Mall,0-18,thu,night,458.7560495,,,,,,,
Dubai Mall,25-35,sat,morning,253.0281249,,,,,,,
Dubai Mall,25-35,thu,evening,773.6658274,,,,,,,
Dubai Mall,over 50,sun,night,369.6541161,,,,,,,
Dubai Mall,35-45,thu,evening,433.4288555,,,,,,,
Dubai Mall,over 50,sat,morning,500.4383075,,,,,,,
Dubai Mall,0-18,sat,night,474.2963763,,,,,,,
Dubai Mall,18-25,sun,afternoon,936.080255,,,,,,,
Dubai Mall,18-25,sun,evening,302.448076,,,,,,,
Dubai Mall,35-45,sat,night,407.9482154,,,,,,,
Dubai Mall,over 50,sun,afternoon,336.807006,,,,,,,
Dubai Mall,0-18,tue,morning,414.1902815,,,,,,,
Dubai Mall,over 50,thu,evening,74.88132747,,,,,,,
Dubai Mall,0-18,thu,morning,648.5513429,,,,,,,
Dubai Mall,25-35,mon,night,382.4907009,,,,,,,
Dubai Mall,0-18,fri,evening,755.8864738,,,,,,,
Dubai Mall,25-35,thu,morning,769.3749735,,,,,,,
Dubai Mall,0-18,thu,evening,329.0682971,,,,,,,
Dubai Mall,0-18,tue,evening,320.9263529,,,,,,,
Dubai Mall,18-25,sat,evening,464.4180185,,,,,,,
Dubai Mall,25-35,sun,evening,606.2723892,,,,,,,
Dubai Mall,18-25,wed,morning,201.8928179,,,,,,,
Dubai Mall,0-18,fri,night,729.4713364,,,,,,,
Dubai Mall,over 50,wed,afternoon,321.8934628,,,,,,,
Dubai Mall,over 50,fri,afternoon,371.0078266,,,,,,,
Dubai Mall,0-18,tue,morning,285.9764094,,,,,,,
Dubai Mall,0-18,tue,evening,174.3208576,,,,,,,
Dubai Mall,over 50,sat,evening,411.2782578,,,,,,,
Dubai Mall,0-18,wed,night,367.0636578,,,,,,,
Dubai Mall,35-45,fri,afternoon,73.83316316,,,,,,,
Dubai Mall,0-18,thu,afternoon,381.5560989,,,,,,,
Dubai Mall,18-25,mon,afternoon,298.4044358,,,,,,,
Dubai Mall,25-35,sat,morning,107.3164349,,,,,,,
Dubai Mall,18-25,thu,night,785.187649,,,,,,,
Dubai Mall,35-45,sat,afternoon,344.042476,,,,,,,
Dubai Mall,25-35,thu,evening,207.4163801,,,,,,,
Dubai Mall,0-18,thu,afternoon,354.4871709,,,,,,,
Dubai Mall,0-18,thu,evening,428.173009,,,,,,,
Dubai Mall,0-18,sun,evening,291.6224598,,,,,,,
Dubai Mall,0-18,sat,night,530.6342464,,,,,,,
Dubai Mall,25-35,fri,morning,528.1166447,,,,,,,
Dubai Mall,0-18,sun,evening,469.8393668,,,,,,,
Dubai Mall,0-18,sun,afternoon,511.5896792,,,,,,,
Dubai Mall,over 50,sat,evening,477.238597,,,,,,,
Dubai Mall,0-18,sun,night,577.1331173,,,,,,,
Dubai Mall,25-35,sat,night,497.9455483,,,,,,,
Dubai Mall,25-35,sun,evening,913.4722911,,,,,,,
Dubai Mall,18-25,sun,night,501.2543647,,,,,,,
Dubai Mall,35-45,fri,night,417.4469779,,,,,,,
Dubai Mall,25-35,sun,morning,358.7252332,,,,,,,
Dubai Mall,35-45,sat,morning,830.0847485,,,,,,,
Dubai Mall,35-45,sun,evening,343.127328,,,,,,,
Dubai Mall,0-18,tue,night,752.7681039,,,,,,,
Dubai Mall,35-45,wed,afternoon,433.8359847,,,,,,,
Dubai Mall,over 50,tue,morning,253.7423336,,,,,,,
Dubai Mall,35-45,wed,night,529.2468355,,,,,,,
Dubai Mall,25-35,thu,evening,536.7183215,,,,,,,
Dubai Mall,35-45,tue,morning,724.6805511,,,,,,,
Dubai Mall,35-45,sun,night,300.9035045,,,,,,,
Dubai Mall,25-35,thu,night,505.7997706,,,,,,,
Dubai Mall,35-45,wed,evening,404.7818468,,,,,,,
Dubai Mall,35-45,sat,evening,275.9307694,,,,,,,
Dubai Mall,0-18,fri,afternoon,314.6641535,,,,,,,
Dubai Mall,25-35,thu,evening,230.216919,,,,,,,
Dubai Mall,0-18,tue,afternoon,523.5111617,,,,,,,
Dubai Mall,0-18,tue,afternoon,419.2588758,,,,,,,
Dubai Mall,0-18,fri,morning,86.00499557,,,,,,,
Dubai Mall,over 50,wed,morning,675.7303779,,,,,,,
Dubai Mall,18-25,thu,afternoon,292.0544909,,,,,,,
Dubai Mall,18-25,wed,morning,158.5879775,,,,,,,
Dubai Mall,35-45,sat,morning,644.6693697,,,,,,,
Dubai Mall,over 50,thu,evening,251.6718425,,,,,,,
Dubai Mall,35-45,tue,afternoon,310.806933,,,,,,,
Dubai Mall,25-35,tue,afternoon,521.376784,,,,,,,
Dubai Mall,18-25,fri,morning,607.7325565,,,,,,,
Dubai Mall,0-18,mon,afternoon,291.9716237,,,,,,,
Dubai Mall,over 50,sun,morning,885.5410259,,,,,,,
Dubai Mall,18-25,sat,night,291.4672328,,,,,,,
Dubai Mall,0-18,fri,evening,275.2621736,,,,,,,
Dubai Mall,0-18,mon,night,731.9363157,,,,,,,
Dubai Mall,25-35,fri,night,272.7397088,,,,,,,
Dubai Mall,25-35,fri,afternoon,508.45283,,,,,,,
Dubai Mall,0-18,thu,evening,183.6052963,,,,,,,
Dubai Mall,25-35,sun,evening,580.882162,,,,,,,
Dubai Mall,25-35,sun,evening,557.9697165,,,,,,,
Dubai Mall,18-25,fri,morning,791.1972745,,,,,,,
Dubai Mall,0-18,wed,evening,642.7257128,,,,,,,
Dubai Mall,25-35,thu,afternoon,325.0550954,,,,,,,
Dubai Mall,35-45,thu,morning,364.9346294,,,,,,,
Dubai Mall,25-35,sat,evening,129.415961,,,,,,,
Dubai Mall,35-45,wed,evening,475.2688934,,,,,,,
Dubai Mall,0-18,tue,afternoon,371.4898297,,,,,,,
Dubai Mall,25-35,mon,afternoon,589.2313898,,,,,,,
Dubai Mall,0-18,fri,afternoon,408.6335108,,,,,,,
Dubai Mall,over 50,tue,night,577.1329599,,,,,,,
Dubai Mall,35-45,sun,night,271.4630878,,,,,,,
Dubai Mall,35-45,wed,evening,331.2748471,,,,,,,
Dubai Mall,18-25,sun,evening,322.8436059,,,,,,,
Dubai Mall,over 50,wed,morning,555.5287148,,,,,,,
Dubai Mall,18-25,fri,morning,95.36792499,,,,,,,
Dubai Mall,0-18,mon,afternoon,344.1508421,,,,,,,
Dubai Mall,25-35,tue,night,292.3972327,,,,,,,
Dubai Mall,25-35,fri,afternoon,671.0056916,,,,,,,
Dubai Mall,0-18,thu,night,683.1769071,,,,,,,
Dubai Mall,0-18,thu,afternoon,638.4192511,,,,,,,
Dubai Mall,0-18,sun,night,196.7235891,,,,,,,
Dubai Mall,18-25,fri,evening,116.5176522,,,,,,,
Dubai Mall,over 50,fri,evening,798.1453442,,,,,,,
Dubai Mall,18-25,sun,morning,493.5964627,,,,,,,
Dubai Mall,over 50,tue,afternoon,271.1770795,,,,,,,
Dubai Mall,0-18,sun,evening,406.0151242,,,,,,,
Dubai Mall,0-18,fri,evening,524.5406076,,,,,,,
Dubai Mall,18-25,thu,afternoon,250.0045978,,,,,,,
Dubai Mall,0-18,sun,morning,263.9817248,,,,,,,
Dubai Mall,over 50,mon,evening,207.0316649,,,,,,,
Dubai Mall,25-35,sat,evening,396.1539155,,,,,,,
Dubai Mall,over 50,wed,morning,810.9296039,,,,,,,
Dubai Mall,over 50,thu,evening,366.2200349,,,,,,,
Dubai Mall,35-45,sun,evening,773.7901643,,,,,,,
Dubai Mall,25-35,thu,morning,409.8319183,,,,,,,
Dubai Mall,25-35,fri,afternoon,511.1743962,,,,,,,
Dubai Mall,over 50,wed,night,686.1087413,,,,,,,
Dubai Mall,35-45,fri,morning,212.1207139,,,,,,,
Dubai Mall,25-35,mon,morning,510.2264592,,,,,,,
Dubai Mall,0-18,sun,morning,436.69425,,,,,,,
Dubai Mall,0-18,thu,morning,749.0805542,,,,,,,
Dubai Mall,25-35,mon,afternoon,692.8653298,,,,,,,
Dubai Mall,0-18,sat,night,283.9259198,,,,,,,
Dubai Mall,35-45,tue,evening,668.2305873,,,,,,,
Dubai Mall,25-35,fri,evening,654.7456413,,,,,,,
Dubai Mall,18-25,sun,afternoon,605.3029674,,,,,,,
Dubai Mall,0-18,sat,night,460.4511817,,,,,,,
Dubai Mall,35-45,thu,morning,200.3149254,,,,,,,
Dubai Mall,over 50,fri,morning,658.7860267,,,,,,,
Dubai Mall,25-35,tue,morning,501.9964591,,,,,,,
Dubai Mall,over 50,mon,evening,683.8165965,,,,,,,
Dubai Mall,35-45,thu,morning,848.391264,,,,,,,
Dubai Mall,0-18,thu,evening,431.8284958,,,,,,,
Dubai Mall,25-35,sun,morning,465.7230331,,,,,,,
Dubai Mall,25-35,fri,afternoon,502.5938712,,,,,,,
Dubai Mall,25-35,tue,evening,231.2156622,,,,,,,
Dubai Mall,0-18,thu,night,910.9707253,,,,,,,
Dubai Mall,35-45,sat,afternoon,366.8240986,,,,,,,
Dubai Mall,0-18,tue,afternoon,450.5273657,,,,,,,
Dubai Mall,18-25,thu,night,557.0029532,,,,,,,
Dubai Mall,35-45,mon,afternoon,369.4744717,,,,,,,
Dubai Mall,18-25,sat,afternoon,525.7919939,,,,,,,
Dubai Mall,25-35,thu,afternoon,405.4261031,,,,,,,
Dubai Mall,25-35,thu,afternoon,957.6390002,,,,,,,
Dubai Mall,25-35,tue,evening,244.2345202,,,,,,,
Dubai Mall,0-18,tue,afternoon,20.68375537,,,,,,,
Dubai Mall,0-18,wed,afternoon,227.9349105,,,,,,,
Dubai Mall,25-35,wed,evening,288.102803,,,,,,,
Dubai Mall,25-35,tue,morning,658.6505335,,,,,,,
Dubai Mall,over 50,wed,evening,114.4890492,,,,,,,
Dubai Mall,0-18,fri,evening,309.6977769,,,,,,,
Dubai Mall,over 50,thu,night,557.4109497,,,,,,,
Dubai Mall,over 50,thu,morning,740.6921546,,,,,,,
Dubai Mall,0-18,fri,afternoon,565.4933491,,,,,,,
Dubai Mall,over 50,fri,evening,268.8322703,,,,,,,
Dubai Mall,35-45,tue,afternoon,428.8078505,,,,,,,
Dubai Mall,0-18,thu,night,380.9288868,,,,,,,
Dubai Mall,over 50,sat,evening,84.97098118,,,,,,,
Dubai Mall,18-25,sun,evening,854.1000151,,,,,,,
Dubai Mall,0-18,fri,night,822.0179688,,,,,,,
Dubai Mall,25-35,sun,night,272.6519347,,,,,,,
Dubai Mall,25-35,fri,afternoon,523.3707479,,,,,,,
Dubai Mall,18-25,sun,afternoon,337.5505339,,,,,,,
Dubai Mall,over 50,tue,evening,313.9395083,,,,,,,
Dubai Mall,25-35,tue,evening,420.1269871,,,,,,,
Dubai Mall,over 50,thu,evening,356.6993667,,,,,,,
Dubai Mall,18-25,wed,evening,157.0778913,,,,,,,
Dubai Mall,18-25,sun,morning,318.0775078,,,,,,,
Dubai Mall,0-18,tue,evening,273.7171195,,,,,,,
Dubai Mall,25-35,fri,afternoon,784.7736291,,,,,,,
Dubai Mall,18-25,thu,morning,804.6934927,,,,,,,
Dubai Mall,25-35,sun,night,565.0973785,,,,,,,
Dubai Mall,0-18,fri,evening,770.2818268,,,,,,,
Dubai Mall,25-35,fri,night,339.718007,,,,,,,
Dubai Mall,18-25,mon,evening,310.8655526,,,,,,,
Dubai Mall,18-25,sun,night,355.3623873,,,,,,,
Dubai Mall,over 50,fri,afternoon,301.5571033,,,,,,,
Dubai Mall,35-45,thu,morning,636.0830514,,,,,,,
Dubai Mall,25-35,wed,evening,376.3477712,,,,,,,
Dubai Mall,35-45,tue,evening,564.5986378,,,,,,,
Dubai Mall,18-25,fri,morning,334.1664908,,,,,,,
Dubai Mall,0-18,mon,afternoon,598.6137696,,,,,,,
Dubai Mall,35-45,fri,afternoon,639.8907607,,,,,,,
Dubai Mall,over 50,fri,afternoon,229.4482136,,,,,,,
Dubai Mall,0-18,sat,evening,432.2104728,,,,,,,
Dubai Mall,over 50,thu,afternoon,362.5732899,,,,,,,
Dubai Mall,25-35,wed,evening,425.3994687,,,,,,,
Dubai Mall,35-45,sun,morning,384.1701634,,,,,,,
Dubai Mall,18-25,fri,night,426.3286635,,,,,,,
Dubai Mall,18-25,tue,night,555.7474287,,,,,,,
Dubai Mall,over 50,wed,night,699.7463078,,,,,,,
Dubai Mall,18-25,mon,night,370.4643014,,,,,,,
Dubai Mall,35-45,sat,night,500.8924454,,,,,,,
Dubai Mall,18-25,wed,evening,341.7375207,,,,,,,
Dubai Mall,over 50,tue,morning,629.3785006,,,,,,,
Dubai Mall,25-35,sun,morning,416.3865626,,,,,,,
Dubai Mall,25-35,wed,night,589.6779257,,,,,,,
Dubai Mall,18-25,mon,night,662.0146718,,,,,,,
Dubai Mall,18-25,wed,morning,788.0377603,,,,,,,
Dubai Mall,25-35,thu,evening,169.9842441,,,,,,,
Dubai Mall,18-25,sat,afternoon,489.8421298,,,,,,,
Dubai Mall,over 50,fri,night,158.182879,,,,,,,
Dubai Mall,18-25,wed,afternoon,560.5408173,,,,,,,
Dubai Mall,over 50,wed,morning,581.4043278,,,,,,,
Dubai Mall,35-45,tue,morning,753.8163748,,,,,,,
Dubai Mall,25-35,sun,evening,753.5808442,,,,,,,
Dubai Mall,18-25,thu,evening,464.9134678,,,,,,,
Dubai Mall,0-18,sat,evening,420.3323236,,,,,,,
Dubai Mall,18-25,wed,evening,111.9595537,,,,,,,
Dubai Mall,25-35,wed,evening,200.0972081,,,,,,,
Dubai Mall,18-25,tue,night,720.6976503,,,,,,,
Dubai Mall,35-45,mon,morning,391.8668552,,,,,,,
Dubai Mall,18-25,fri,morning,967.5728651,,,,,,,
Dubai Mall,over 50,sat,evening,276.9342753,,,,,,,
Dubai Mall,25-35,fri,morning,112.8124487,,,,,,,
Dubai Mall,18-25,sat,night,412.6964122,,,,,,,
Dubai Mall,25-35,mon,afternoon,201.986444,,,,,,,
Dubai Mall,25-35,tue,morning,494.9621505,,,,,,,
Dubai Mall,35-45,wed,night,512.774783,,,,,,,
Dubai Mall,25-35,thu,morning,587.7480151,,,,,,,
Dubai Mall,25-35,fri,afternoon,511.7657043,,,,,,,
Dubai Mall,18-25,thu,morning,289.7268583,,,,,,,
Dubai Mall,25-35,fri,afternoon,331.2973775,,,,,,,
Dubai Mall,over 50,wed,evening,183.4319117,,,,,,,
Dubai Mall,0-18,sat,morning,585.6296971,,,,,,,
Dubai Mall,0-18,sun,night,716.849201,,,,,,,
Dubai Mall,18-25,thu,evening,274.9146081,,,,,,,
Dubai Mall,18-25,fri,night,460.7936616,,,,,,,
Dubai Mall,0-18,wed,afternoon,43.193,,,,,,,
Dubai Mall,18-25,fri,night,363.9589142,,,,,,,
Dubai Mall,25-35,thu,night,714.3846305,,,,,,,
Dubai Mall,18-25,fri,afternoon,340.6257639,,,,,,,
Dubai Mall,35-45,wed,evening,847.1718038,,,,,,,
Dubai Mall,25-35,thu,night,378.7904671,,,,,,,
Dubai Mall,35-45,sun,afternoon,364.1491972,,,,,,,
Dubai Mall,25-35,thu,night,288.4748232,,,,,,,
Dubai Mall,25-35,thu,afternoon,331.1059854,,,,,,,
Dubai Mall,25-35,mon,afternoon,78.79960272,,,,,,,
Dubai Mall,18-25,wed,night,415.6836868,,,,,,,
Dubai Mall,35-45,sat,evening,378.1235886,,,,,,,
Dubai Mall,25-35,sat,afternoon,844.3446132,,,,,,,
Dubai Mall,18-25,tue,night,767.7864377,,,,,,,
Dubai Mall,35-45,tue,night,428.3271042,,,,,,,
Dubai Mall,35-45,sun,night,735.4362441,,,,,,,
Dubai Mall,0-18,sat,evening,40.31582705,,,,,,,
Dubai Mall,18-25,sat,night,637.0066216,,,,,,,
Dubai Mall,18-25,mon,morning,484.5078332,,,,,,,
Dubai Mall,25-35,fri,afternoon,566.9677493,,,,,,,
Dubai Mall,over 50,wed,afternoon,171.9468373,,,,,,,
Dubai Mall,0-18,sun,afternoon,632.7440494,,,,,,,
Mirdif City Centre,18-25,wed,night,328.3427201,,,,,,,
Mirdif City Centre,25-35,fri,night,341.6828286,,,,,,,
Mirdif City Centre,0-18,wed,afternoon,189.6866888,,,,,,,
Mirdif City Centre,0-18,sun,evening,100.2775121,,,,,,,
Mirdif City Centre,25-35,sun,night,298.3940561,,,,,,,
Mirdif City Centre,35-45,sun,night,651.6541881,,,,,,,
Mirdif City Centre,18-25,mon,afternoon,790.9097742,,,,,,,
Mirdif City Centre,35-45,thu,morning,427.0602779,,,,,,,
Mirdif City Centre,25-35,sun,afternoon,807.9710344,,,,,,,
Mirdif City Centre,18-25,sat,night,732.1234261,,,,,,,
Mirdif City Centre,0-18,sat,morning,275.2451165,,,,,,,
Mirdif City Centre,over 50,tue,evening,648.281668,,,,,,,
Mirdif City Centre,over 50,mon,morning,402.9208021,,,,,,,
Mirdif City Centre,over 50,sun,afternoon,478.515226,,,,,,,
Mirdif City Centre,35-45,thu,evening,147.116628,,,,,,,
Mirdif City Centre,over 50,sun,evening,699.6144679,,,,,,,
Mirdif City Centre,35-45,mon,evening,472.247617,,,,,,,
Mirdif City Centre,18-25,fri,evening,105.155721,,,,,,,
Mirdif City Centre,over 50,sat,afternoon,412.7219295,,,,,,,
Mirdif City Centre,over 50,thu,evening,384.7539113,,,,,,,
Mirdif City Centre,25-35,sat,night,387.3369685,,,,,,,
Mirdif City Centre,18-25,fri,evening,361.2952549,,,,,,,
Mirdif City Centre,35-45,fri,morning,479.383449,,,,,,,
Mirdif City Centre,over 50,tue,morning,34.3893348,,,,,,,
Mirdif City Centre,over 50,mon,evening,279.1728717,,,,,,,
Mirdif City Centre,35-45,sat,evening,484.8755985,,,,,,,
Mirdif City Centre,over 50,sat,morning,108.1023637,,,,,,,
Mirdif City Centre,25-35,sat,morning,546.4267263,,,,,,,
Mirdif City Centre,0-18,sat,evening,715.7392213,,,,,,,
Mirdif City Centre,35-45,wed,night,674.6116101,,,,,,,
Mirdif City Centre,0-18,tue,evening,683.7606286,,,,,,,
Mirdif City Centre,25-35,sun,night,313.8388807,,,,,,,
Mirdif City Centre,0-18,thu,evening,202.0947645,,,,,,,
Mirdif City Centre,18-25,wed,morning,831.0545926,,,,,,,
Mirdif City Centre,18-25,tue,morning,471.130585,,,,,,,
Mirdif City Centre,35-45,sun,night,292.8835723,,,,,,,
Mirdif City Centre,over 50,thu,evening,333.2373673,,,,,,,
Mirdif City Centre,35-45,wed,evening,679.2410434,,,,,,,
Mirdif City Centre,18-25,thu,afternoon,177.9386294,,,,,,,
Mirdif City Centre,18-25,wed,evening,487.0442256,,,,,,,
Mirdif City Centre,over 50,thu,night,491.1986117,,,,,,,
Mirdif City Centre,18-25,thu,evening,464.4418555,,,,,,,
Mirdif City Centre,over 50,tue,afternoon,213.1027706,,,,,,,
Mirdif City Centre,25-35,sat,evening,489.41767,,,,,,,
Mirdif City Centre,35-45,tue,evening,323.5532169,,,,,,,
Mirdif City Centre,18-25,mon,morning,563.0609338,,,,,,,
Mirdif City Centre,0-18,tue,evening,428.3065641,,,,,,,
Mirdif City Centre,25-35,sat,evening,613.0771548,,,,,,,
Mirdif City Centre,0-18,mon,morning,450.4995006,,,,,,,
Mirdif City Centre,35-45,sat,night,818.0963464,,,,,,,
Mirdif City Centre,25-35,mon,afternoon,647.6726896,,,,,,,
Mirdif City Centre,over 50,tue,evening,224.4227751,,,,,,,
Mirdif City Centre,35-45,thu,evening,280.1380708,,,,,,,
Mirdif City Centre,35-45,thu,morning,450.5551698,,,,,,,
Mirdif City Centre,35-45,wed,night,220.2526594,,,,,,,
Mirdif City Centre,35-45,sat,night,622.6024742,,,,,,,
Mirdif City Centre,25-35,sun,night,451.5279551,,,,,,,
Mirdif City Centre,over 50,fri,morning,698.2456129,,,,,,,
Mirdif City Centre,over 50,tue,evening,432.8828618,,,,,,,
Mirdif City Centre,35-45,fri,evening,303.3604761,,,,,,,
Mirdif City Centre,0-18,thu,evening,455.2747789,,,,,,,
Mirdif City Centre,25-35,sun,night,553.8760662,,,,,,,
Mirdif City Centre,35-45,sat,afternoon,666.9818572,,,,,,,
Mirdif City Centre,over 50,thu,morning,492.6620357,,,,,,,
Mirdif City Centre,over 50,sat,evening,316.6174462,,,,,,,
Mirdif City Centre,35-45,fri,evening,578.1885305,,,,,,,
Mirdif City Centre,0-18,fri,morning,778.6831511,,,,,,,
Mirdif City Centre,25-35,thu,afternoon,313.2705768,,,,,,,
Mirdif City Centre,18-25,sat,evening,542.6860567,,,,,,,
Mirdif City Centre,over 50,sat,afternoon,217.6329019,,,,,,,
Mirdif City Centre,over 50,wed,evening,382.4588298,,,,,,,
Mirdif City Centre,25-35,mon,evening,659.1741115,,,,,,,
Mirdif City Centre,0-18,fri,evening,398.0137397,,,,,,,
Mirdif City Centre,over 50,tue,afternoon,596.9183065,,,,,,,
Mirdif City Centre,25-35,tue,morning,608.6114028,,,,,,,
Mirdif City Centre,35-45,mon,night,629.8169478,,,,,,,
Mirdif City Centre,0-18,sun,afternoon,447.7813341,,,,,,,
Mirdif City Centre,0-18,sat,evening,232.5528601,,,,,,,
Mirdif City Centre,0-18,thu,afternoon,375.2577879,,,,,,,
Mirdif City Centre,0-18,tue,evening,172.8336394,,,,,,,
Mirdif City Centre,18-25,fri,afternoon,540.0220883,,,,,,,
Mirdif City Centre,0-18,tue,evening,416.3667082,,,,,,,
Mirdif City Centre,35-45,sun,afternoon,564.1834424,,,,,,,
Mirdif City Centre,25-35,fri,night,733.7794518,,,,,,,
Mirdif City Centre,18-25,sat,evening,323.7047423,,,,,,,
Mirdif City Centre,18-25,tue,morning,515.0631588,,,,,,,
Mirdif City Centre,over 50,thu,evening,636.597924,,,,,,,
Mirdif City Centre,18-25,tue,morning,380.2918131,,,,,,,
Mirdif City Centre,over 50,wed,evening,224.7492092,,,,,,,
Mirdif City Centre,25-35,mon,morning,806.2616785,,,,,,,
Mirdif City Centre,35-45,sun,night,211.866391,,,,,,,
Mirdif City Centre,25-35,sat,afternoon,470.0716884,,,,,,,
Mirdif City Centre,18-25,sat,morning,446.308147,,,,,,,
Mirdif City Centre,35-45,mon,evening,243.8110704,,,,,,,
Mirdif City Centre,over 50,tue,evening,286.7966702,,,,,,,
Mirdif City Centre,0-18,fri,night,278.7391973,,,,,,,
Mirdif City Centre,0-18,wed,night,572.8769057,,,,,,,
Mirdif City Centre,35-45,mon,afternoon,530.3152863,,,,,,,
Mirdif City Centre,35-45,sun,afternoon,380.3171996,,,,,,,
Mirdif City Centre,18-25,sat,afternoon,411.5435487,,,,,,,
Mirdif City Centre,over 50,sat,morning,364.7724312,,,,,,,
Mirdif City Centre,over 50,tue,night,136.351855,,,,,,,
Mirdif City Centre,18-25,tue,night,408.5270007,,,,,,,
Mirdif City Centre,35-45,tue,afternoon,401.1609977,,,,,,,
Mirdif City Centre,18-25,sat,afternoon,283.3596519,,,,,,,
Mirdif City Centre,18-25,mon,morning,345.8427254,,,,,,,
Mirdif City Centre,35-45,wed,morning,45.11927741,,,,,,,
Mirdif City Centre,over 50,thu,night,698.0974557,,,,,,,
Mirdif City Centre,0-18,mon,night,655.5625255,,,,,,,
Mirdif City Centre,35-45,mon,night,343.2682198,,,,,,,
Mirdif City Centre,25-35,fri,evening,566.4403995,,,,,,,
Mirdif City Centre,18-25,fri,night,295.8603126,,,,,,,
Mirdif City Centre,over 50,sat,afternoon,426.4217792,,,,,,,
Mirdif City Centre,25-35,wed,evening,882.6165735,,,,,,,
Mirdif City Centre,18-25,sun,night,351.4896316,,,,,,,
Mirdif City Centre,0-18,mon,evening,357.9805644,,,,,,,
Mirdif City Centre,35-45,fri,afternoon,530.0166874,,,,,,,
Mirdif City Centre,0-18,sun,morning,847.3892265,,,,,,,
Mirdif City Centre,25-35,fri,evening,565.8182515,,,,,,,
Mirdif City Centre,0-18,sun,morning,440.4146661,,,,,,,
Mirdif City Centre,25-35,sun,afternoon,240.9168583,,,,,,,
Mirdif City Centre,35-45,sat,morning,773.3767878,,,,,,,
Mirdif City Centre,0-18,thu,evening,659.8011752,,,,,,,
Mirdif City Centre,over 50,sun,evening,693.5647959,,,,,,,
Mirdif City Centre,25-35,tue,morning,465.8446669,,,,,,,
Mirdif City Centre,0-18,fri,morning,151.5398285,,,,,,,
Mirdif City Centre,18-25,thu,afternoon,275.4984247,,,,,,,
Mirdif City Centre,35-45,mon,afternoon,336.242172,,,,,,,
Mirdif City Centre,25-35,mon,evening,176.7862822,,,,,,,
Mirdif City Centre,18-25,thu,morning,502.182062,,,,,,,
Mirdif City Centre,over 50,mon,evening,276.9766186,,,,,,,
Mirdif City Centre,18-25,sun,afternoon,718.3839106,,,,,,,
Mirdif City Centre,18-25,sat,evening,534.1550795,,,,,,,
Mirdif City Centre,0-18,sun,evening,259.2541825,,,,,,,
Mirdif City Centre,0-18,thu,afternoon,640.074825,,,,,,,
Mirdif City Centre,25-35,sat,afternoon,214.688287,,,,,,,
Mirdif City Centre,25-35,sat,afternoon,470.9313122,,,,,,,
Mirdif City Centre,35-45,thu,night,188.5115629,,,,,,,
Mirdif City Centre,18-25,sat,evening,146.1435072,,,,,,,
Mirdif City Centre,35-45,tue,night,799.9106986,,,,,,,
Mirdif City Centre,18-25,thu,night,308.0529617,,,,,,,
Mirdif City Centre,18-25,sat,morning,414.3585661,,,,,,,
Mirdif City Centre,over 50,sat,evening,504.2319969,,,,,,,
Mirdif City Centre,over 50,mon,night,294.4053363,,,,,,,
Mirdif City Centre,35-45,mon,evening,247.707549,,,,,,,
Mirdif City Centre,over 50,sun,morning,400.745392,,,,,,,
Mirdif City Centre,35-45,sat,night,864.7360652,,,,,,,
Mirdif City Centre,over 50,tue,morning,622.9578682,,,,,,,
Mirdif City Centre,0-18,sat,night,614.5503044,,,,,,,
Mirdif City Centre,over 50,mon,evening,281.3078226,,,,,,,
Mirdif City Centre,over 50,sun,afternoon,883.5971043,,,,,,,
Mirdif City Centre,18-25,sun,evening,168.5096504,,,,,,,
Mirdif City Centre,25-35,sat,night,275.4994591,,,,,,,
Mirdif City Centre,18-25,sat,afternoon,526.4166177,,,,,,,
Mirdif City Centre,18-25,thu,evening,266.3781762,,,,,,,
Mirdif City Centre,0-18,mon,evening,387.9471193,,,,,,,
Mirdif City Centre,35-45,wed,evening,357.6200156,,,,,,,
Mirdif City Centre,over 50,wed,night,400.233304,,,,,,,
Mirdif City Centre,25-35,tue,night,258.5973373,,,,,,,
Mirdif City Centre,18-25,mon,morning,486.2823874,,,,,,,
Mirdif City Centre,over 50,sat,evening,826.2078921,,,,,,,
Mirdif City Centre,25-35,thu,afternoon,195.9077021,,,,,,,
Mirdif City Centre,0-18,wed,night,666.8352803,,,,,,,
Mirdif City Centre,18-25,sun,morning,380.7261946,,,,,,,
Mirdif City Centre,25-35,tue,morning,215.2651663,,,,,,,
Mirdif City Centre,over 50,fri,night,693.4886448,,,,,,,
Mirdif City Centre,18-25,tue,afternoon,272.467216,,,,,,,
Mirdif City Centre,35-45,mon,evening,336.7875341,,,,,,,
Mirdif City Centre,35-45,sun,night,365.0394812,,,,,,,
Mirdif City Centre,0-18,mon,afternoon,449.4449674,,,,,,, 
Mirdif City Centre,over 50,fri,morning,400.9226313,,,,,,,
Mirdif City Centre,18-25,tue,afternoon,484.5328063,,,,,,,
Mirdif City Centre,35-45,thu,night,334.9230599,,,,,,,
Mirdif City Centre,25-35,wed,morning,297.6602406,,,,,,,
Mirdif City Centre,35-45,sat,night,542.3991127,,,,,,,
Mirdif City Centre,over 50,sun,night,788.906339,,,,,,,
Mirdif City Centre,over 50,tue,afternoon,650.7721894,,,,,,,
Mirdif City Centre,25-35,wed,evening,834.3907217,,,,,,,
Mirdif City Centre,over 50,tue,evening,658.1210036,,,,,,,
Mirdif City Centre,0-18,fri,morning,440.31053,,,,,,,
Mirdif City Centre,25-35,sun,afternoon,401.3734844,,,,,,,
Mirdif City Centre,over 50,sun,morning,412.0213865,,,,,,,
Mirdif City Centre,over 50,tue,night,158.0494844,,,,,,,
Mirdif City Centre,18-25,fri,afternoon,791.0533206,,,,,,,
Mirdif City Centre,over 50,fri,night,541.130528,,,,,,,
Mirdif City Centre,over 50,thu,night,301.6719236,,,,,,,
Mirdif City Centre,18-25,sun,morning,672.9817169,,,,,,,
Mirdif City Centre,25-35,wed,evening,463.9486635,,,,,,,
Mirdif City Centre,over 50,sun,evening,765.4716327,,,,,,,
Mirdif City Centre,35-45,sat,afternoon,168.4120672,,,,,,,
Mirdif City Centre,0-18,sun,morning,262.4842408,,,,,,,
Mirdif City Centre,0-18,thu,evening,579.8110917,,,,,,,
Mirdif City Centre,0-18,sun,evening,603.8406446,,,,,,,
Mirdif City Centre,35-45,sun,night,586.1937191,,,,,,,
Mirdif City Centre,25-35,thu,night,84.46208272,,,,,,,
Mirdif City Centre,over 50,sun,afternoon,495.3516308,,,,,,,
Mirdif City Centre,0-18,tue,afternoon,892.1838422,,,,,,,
Mirdif City Centre,over 50,tue,night,389.6570388,,,,,,,
Mirdif City Centre,25-35,tue,afternoon,350.7175346,,,,,,,
Mirdif City Centre,18-25,mon,night,249.4493967,,,,,,,
Mirdif City Centre,25-35,wed,evening,589.0161106,,,,,,,
Mirdif City Centre,35-45,thu,night,463.0701298,,,,,,,
Mirdif City Centre,over 50,wed,afternoon,945.3324818,,,,,,,
Mirdif City Centre,18-25,sun,afternoon,538.8751042,,,,,,,
Mirdif City Centre,0-18,thu,evening,633.0225247,,,,,,,
Mirdif City Centre,25-35,sat,evening,525.9167302,,,,,,,
Mirdif City Centre,35-45,sat,evening,519.5017376,,,,,,,
Mirdif City Centre,0-18,sun,afternoon,610.8608007,,,,,,,
Mirdif City Centre,over 50,sat,evening,321.1800568,,,,,,,
Mirdif City Centre,18-25,fri,morning,628.3414074,,,,,,,
Mirdif City Centre,35-45,sat,night,412.1808374,,,,,,,
Mirdif City Centre,over 50,sun,night,155.137387,,,,,,,
Mirdif City Centre,over 50,thu,night,266.300675,,,,,,,
Mirdif City Centre,over 50,wed,afternoon,271.2680691,,,,,,,
Mirdif City Centre,25-35,wed,afternoon,228.7017927,,,,,,,
Mirdif City Centre,35-45,fri,morning,299.8135281,,,,,,,
Mirdif City Centre,35-45,mon,afternoon,426.8447034,,,,,,,
Mirdif City Centre,35-45,sat,afternoon,381.9639605,,,,,,,
Mirdif City Centre,35-45,sat,night,525.3175475,,,,,,,
Mirdif City Centre,25-35,sun,evening,549.8808512,,,,,,,
Mirdif City Centre,18-25,sun,morning,197.1071926,,,,,,,
Mirdif City Centre,over 50,sat,morning,600.250773,,,,,,,
Mirdif City Centre,over 50,sat,afternoon,748.3360978,,,,,,,
Mirdif City Centre,18-25,thu,afternoon,543.9459107,,,,,,,
Mirdif City Centre,25-35,mon,night,246.1665337,,,,,,,
Mirdif City Centre,over 50,thu,night,855.849554,,,,,,,
Mirdif City Centre,25-35,fri,afternoon,392.3039647,,,,,,,
Mirdif City Centre,25-35,sat,afternoon,196.2009578,,,,,,,
Mirdif City Centre,18-25,sat,evening,715.6738344,,,,,,,
Mirdif City Centre,over 50,sat,morning,448.0278979,,,,,,,
Mirdif City Centre,over 50,mon,evening,377.0808018,,,,,,,
Mirdif City Centre,0-18,sun,night,642.3083838,,,,,,,
Mirdif City Centre,18-25,sat,evening,202.3648824,,,,,,,
Mirdif City Centre,25-35,tue,afternoon,172.6800819,,,,,,,
Mirdif City Centre,18-25,sun,evening,390.3963916,,,,,,,
Mirdif City Centre,over 50,wed,morning,417.5692635,,,,,,,
Mirdif City Centre,35-45,mon,morning,213.842227,,,,,,,
Mirdif City Centre,18-25,wed,afternoon,717.7113722,,,,,,,
Mirdif City Centre,18-25,sat,evening,629.6996213,,,,,,,
Mirdif City Centre,18-25,sun,evening,138.9784837,,,,,,,
Mirdif City Centre,0-18,thu,night,516.5981331,,,,,,,
Mirdif City Centre,over 50,thu,morning,462.1986442,,,,,,,
Mirdif City Centre,25-35,sat,afternoon,656.6517613,,,,,,,
Mirdif City Centre,18-25,sun,morning,465.1033475,,,,,,,
Mirdif City Centre,35-45,fri,night,438.4194774,,,,,,,
Mirdif City Centre,18-25,sat,afternoon,782.4834811,,,,,,,
Mirdif City Centre,over 50,wed,night,281.3390857,,,,,,,
Mirdif City Centre,25-35,sat,morning,550.1271867,,,,,,,
